id,custom_label_4
1328,nevykonne
1675,nevykonne
1920,nevykonne
1948,nevykonne
2015,nevykonne
2016,nevykonne
2017,nevykonne
2018,nevykonne
2019,nevykonne
2039,nevykonne
2130,nevykonne
215,nevykonne
2185,nevykonne
2186,nevykonne
2710,nevykonne
2730,nevykonne
2798,nevykonne
3124,nevykonne
3127,nevykonne
3213,nevykonne
3258,nevykonne
3273,nevykonne
3278,nevykonne
3290,nevykonne
3343,nevykonne
3396,nevykonne
3397,nevykonne
3411,nevykonne
3412,nevykonne
3415,nevykonne
3416,nevykonne
3461,nevykonne
3462,nevykonne
3463,nevykonne
3464,nevykonne
3465,nevykonne
3466,nevykonne
3467,nevykonne
3484,nevykonne
3537,nevykonne
3547,nevykonne
3549,nevykonne
3555,nevykonne
3556,nevykonne
3557,nevykonne
3559,nevykonne
3561,nevykonne
3564,nevykonne
3566,nevykonne
3567,nevykonne
3620,nevykonne
3621,nevykonne
3622,nevykonne
3623,nevykonne
3624,nevykonne
3625,nevykonne
3626,nevykonne
3627,nevykonne
3628,nevykonne
3629,nevykonne
3630,nevykonne
3631,nevykonne
3636,nevykonne
3649,nevykonne
3813,nevykonne
3818,nevykonne
3822,nevykonne
3925,nevykonne
3928,nevykonne
3944,nevykonne
3945,nevykonne
3969,nevykonne
3970,nevykonne
4052,nevykonne
4054,nevykonne
4123,nevykonne
4126,nevykonne
4183,nevykonne
4256,nevykonne
4257,nevykonne
4263,nevykonne
4294,nevykonne
4311,nevykonne
4334,nevykonne
4349,nevykonne
4369,nevykonne
4370,nevykonne
4387,nevykonne
4388,nevykonne
4393,nevykonne
4394,nevykonne
4397,nevykonne
4398,nevykonne
4429,nevykonne
4430,nevykonne
4438,nevykonne
4460,nevykonne
4461,nevykonne
4467,nevykonne
4470,nevykonne
4472,nevykonne
4473,nevykonne
4475,nevykonne
4480,nevykonne
4499,nevykonne
4516,nevykonne
4522,nevykonne
4523,nevykonne
4527,nevykonne
4530,nevykonne
4533,nevykonne
4538,nevykonne
4551,nevykonne
4552,nevykonne
4553,nevykonne
4574,nevykonne
4575,nevykonne
4590,nevykonne
4597,nevykonne
4598,nevykonne
4599,nevykonne
4600,nevykonne
4605,nevykonne
4607,nevykonne
4608,nevykonne
4609,nevykonne
4610,nevykonne
4611,nevykonne
4612,nevykonne
4613,nevykonne
4614,nevykonne
4629,nevykonne
4631,nevykonne
4635,nevykonne
4639,nevykonne
4641,nevykonne
4642,nevykonne
4647,nevykonne
4649,nevykonne
4658,nevykonne
4659,nevykonne
4660,nevykonne
4667,nevykonne
4668,nevykonne
4669,nevykonne
4688,nevykonne
4690,nevykonne
4691,nevykonne
4692,nevykonne
4696,nevykonne
4698,nevykonne
4704,nevykonne
4732,nevykonne
4743,nevykonne
4746,nevykonne
4752,nevykonne
4769,nevykonne
4772,nevykonne
4777,nevykonne
4785,nevykonne
4796,nevykonne
4798,nevykonne
4800,nevykonne
4805,nevykonne
4806,nevykonne
4817,nevykonne
4820,nevykonne
4821,nevykonne
4825,nevykonne
4896,nevykonne
4897,nevykonne
4910,nevykonne
4928,nevykonne
4929,nevykonne
4932,nevykonne
4934,nevykonne
4946,nevykonne
4947,nevykonne
4948,nevykonne
4949,nevykonne
4950,nevykonne
4951,nevykonne
4954,nevykonne
4958,nevykonne
4960,nevykonne
4961,nevykonne
4964,nevykonne
4965,nevykonne
4966,nevykonne
4967,nevykonne
4968,nevykonne
4969,nevykonne
4970,nevykonne
4971,nevykonne
4973,nevykonne
4975,nevykonne
4977,nevykonne
4980,nevykonne
4982,nevykonne
4990,nevykonne
4992,nevykonne
4994,nevykonne
4995,nevykonne
4996,nevykonne
5002,nevykonne
5003,nevykonne
5004,nevykonne
5005,nevykonne
5010,nevykonne
5013,nevykonne
5014,nevykonne
5015,nevykonne
5022,nevykonne
5024,nevykonne
5025,nevykonne
5042,nevykonne
5043,nevykonne
5050,nevykonne
5057,nevykonne
5058,nevykonne
5061,nevykonne
5070,nevykonne
5071,nevykonne
5074,nevykonne
5076,nevykonne
5078,nevykonne
5079,nevykonne
5081,nevykonne
5084,nevykonne
5091,nevykonne
5092,nevykonne
5093,nevykonne
5097,nevykonne
5098,nevykonne
5106,nevykonne
5112,nevykonne
5113,nevykonne
5114,nevykonne
5115,nevykonne
5116,nevykonne
5118,nevykonne
5119,nevykonne
5120,nevykonne
5121,nevykonne
5122,nevykonne
5123,nevykonne
5124,nevykonne
5125,nevykonne
5126,nevykonne
5127,nevykonne
5128,nevykonne
5130,nevykonne
5134,nevykonne
5135,nevykonne
5136,nevykonne
5138,nevykonne
5139,nevykonne
5141,nevykonne
5146,nevykonne
5152,nevykonne
5153,nevykonne
5154,nevykonne
5155,nevykonne
5156,nevykonne
5162,nevykonne
5168,nevykonne
5173,nevykonne
5175,nevykonne
5180,nevykonne
5181,nevykonne
5182,nevykonne
5183,nevykonne
5184,nevykonne
5185,nevykonne
5186,nevykonne
5190,nevykonne
5196,nevykonne
5197,nevykonne
5201,nevykonne
5207,nevykonne
5474,nevykonne
5477,nevykonne
5478,nevykonne
5479,nevykonne
5480,nevykonne
5481,nevykonne
5485,nevykonne
5486,nevykonne
5487,nevykonne
5489,nevykonne
5490,nevykonne
5491,nevykonne
5492,nevykonne
5493,nevykonne
5494,nevykonne
5496,nevykonne
5507,nevykonne
5509,nevykonne
5510,nevykonne
5511,nevykonne
5512,nevykonne
5513,nevykonne
5523,nevykonne
5524,nevykonne
5526,nevykonne
5527,nevykonne
5530,nevykonne
5542,nevykonne
5545,nevykonne
5547,nevykonne
5548,nevykonne
5554,nevykonne
5556,nevykonne
5563,nevykonne
5564,nevykonne
5565,nevykonne
5566,nevykonne
5570,nevykonne
5571,nevykonne
5579,nevykonne
5583,nevykonne
5584,nevykonne
5586,nevykonne
5587,nevykonne
5590,nevykonne
5637,nevykonne
5641,nevykonne
5652,nevykonne
5654,nevykonne
5657,nevykonne
5658,nevykonne
5659,nevykonne
5660,nevykonne
5661,nevykonne
5662,nevykonne
5663,nevykonne
5664,nevykonne
5665,nevykonne
5666,nevykonne
5667,nevykonne
5669,nevykonne
5670,nevykonne
5671,nevykonne
5672,nevykonne
5673,nevykonne
5679,nevykonne
5680,nevykonne
5681,nevykonne
5682,nevykonne
5685,nevykonne
5686,nevykonne
5687,nevykonne
5690,nevykonne
5691,nevykonne
5692,nevykonne
5694,nevykonne
5695,nevykonne
5696,nevykonne
5697,nevykonne
5698,nevykonne
5699,nevykonne
5700,nevykonne
5702,nevykonne
5705,nevykonne
5709,nevykonne
5710,nevykonne
5713,nevykonne
5716,nevykonne
5719,nevykonne
5722,nevykonne
5723,nevykonne
5724,nevykonne
5725,nevykonne
5726,nevykonne
5728,nevykonne
5729,nevykonne
5730,nevykonne
5731,nevykonne
5732,nevykonne
5735,nevykonne
5736,nevykonne
5738,nevykonne
5739,nevykonne
5740,nevykonne
5741,nevykonne
5742,nevykonne
5743,nevykonne
5745,nevykonne
5746,nevykonne
5748,nevykonne
5749,nevykonne
5750,nevykonne
5751,nevykonne
5752,nevykonne
5755,nevykonne
5756,nevykonne
5757,nevykonne
5759,nevykonne
5763,nevykonne
5765,nevykonne
5769,nevykonne
5770,nevykonne
5771,nevykonne
5772,nevykonne
5773,nevykonne
5774,nevykonne
5775,nevykonne
5776,nevykonne
5777,nevykonne
5778,nevykonne
5779,nevykonne
5781,nevykonne
5783,nevykonne
5784,nevykonne
5785,nevykonne
5787,nevykonne
5790,nevykonne
5793,nevykonne
5796,nevykonne
5797,nevykonne
5798,nevykonne
5800,nevykonne
5801,nevykonne
5802,nevykonne
5805,nevykonne
5806,nevykonne
5807,nevykonne
5808,nevykonne
5809,nevykonne
5810,nevykonne
5811,nevykonne
5812,nevykonne
5814,nevykonne
5815,nevykonne
5816,nevykonne
5817,nevykonne
5829,nevykonne
5830,nevykonne
5831,nevykonne
5832,nevykonne
5834,nevykonne
5835,nevykonne
5836,nevykonne
5837,nevykonne
5839,nevykonne
5840,nevykonne
5841,nevykonne
5842,nevykonne
5843,nevykonne
5844,nevykonne
5845,nevykonne
5846,nevykonne
5847,nevykonne
5848,nevykonne
5852,nevykonne
5854,nevykonne
5855,nevykonne
5856,nevykonne
5857,nevykonne
5858,nevykonne
5859,nevykonne
5860,nevykonne
5862,nevykonne
5863,nevykonne
5864,nevykonne
5865,nevykonne
5866,nevykonne
5867,nevykonne
5868,nevykonne
5871,nevykonne
5873,nevykonne
5874,nevykonne
5875,nevykonne
5877,nevykonne
5878,nevykonne
5880,nevykonne
5884,nevykonne
5885,nevykonne
5891,nevykonne
5892,nevykonne
5893,nevykonne
5894,nevykonne
5908,nevykonne
5915,nevykonne
5916,nevykonne
5917,nevykonne
5918,nevykonne
5919,nevykonne
5920,nevykonne
5921,nevykonne
5924,nevykonne
5925,nevykonne
593,nevykonne
5932,nevykonne
5933,nevykonne
5934,nevykonne
5937,nevykonne
5939,nevykonne
5940,nevykonne
5941,nevykonne
5943,nevykonne
5944,nevykonne
5945,nevykonne
5947,nevykonne
5948,nevykonne
5949,nevykonne
5950,nevykonne
5951,nevykonne
5952,nevykonne
5953,nevykonne
5954,nevykonne
5958,nevykonne
5959,nevykonne
5960,nevykonne
5962,nevykonne
5963,nevykonne
5964,nevykonne
5969,nevykonne
5970,nevykonne
5971,nevykonne
5972,nevykonne
5974,nevykonne
5975,nevykonne
5976,nevykonne
5980,nevykonne
5981,nevykonne
5982,nevykonne
5983,nevykonne
5985,nevykonne
5988,nevykonne
5989,nevykonne
5990,nevykonne
5991,nevykonne
5994,nevykonne
5996,nevykonne
5997,nevykonne
5999,nevykonne
6000,nevykonne
6001,nevykonne
6002,nevykonne
6003,nevykonne
6004,nevykonne
6005,nevykonne
6006,nevykonne
6007,nevykonne
6009,nevykonne
6010,nevykonne
6011,nevykonne
6012,nevykonne
6013,nevykonne
6014,nevykonne
6015,nevykonne
6016,nevykonne
6017,nevykonne
6019,nevykonne
6020,nevykonne
6022,nevykonne
6024,nevykonne
6026,nevykonne
6027,nevykonne
6028,nevykonne
6031,nevykonne
6032,nevykonne
6038,nevykonne
6040,nevykonne
6042,nevykonne
6047,nevykonne
6050,nevykonne
6051,nevykonne
6052,nevykonne
6054,nevykonne
6055,nevykonne
6056,nevykonne
6057,nevykonne
6058,nevykonne
6059,nevykonne
6060,nevykonne
6061,nevykonne
6064,nevykonne
6065,nevykonne
6066,nevykonne
6068,nevykonne
6069,nevykonne
6072,nevykonne
6074,nevykonne
6079,nevykonne
6080,nevykonne
6081,nevykonne
6082,nevykonne
6083,nevykonne
6084,nevykonne
6088,nevykonne
6089,nevykonne
6090,nevykonne
6091,nevykonne
6092,nevykonne
6094,nevykonne
6095,nevykonne
6096,nevykonne
6099,nevykonne
6100,nevykonne
6101,nevykonne
6102,nevykonne
6103,nevykonne
6104,nevykonne
6105,nevykonne
6106,nevykonne
6107,nevykonne
6108,nevykonne
6109,nevykonne
6110,nevykonne
6111,nevykonne
6112,nevykonne
6115,nevykonne
6116,nevykonne
6117,nevykonne
6118,nevykonne
6119,nevykonne
6120,nevykonne
6121,nevykonne
6122,nevykonne
6123,nevykonne
6124,nevykonne
6125,nevykonne
6126,nevykonne
6128,nevykonne
6130,nevykonne
6131,nevykonne
6132,nevykonne
6134,nevykonne
6135,nevykonne
6136,nevykonne
6137,nevykonne
6138,nevykonne
6139,nevykonne
6140,nevykonne
6141,nevykonne
6147,nevykonne
6149,nevykonne
6151,nevykonne
6152,nevykonne
6153,nevykonne
6155,nevykonne
6156,nevykonne
6158,nevykonne
6159,nevykonne
6160,nevykonne
6161,nevykonne
6162,nevykonne
6163,nevykonne
6164,nevykonne
6165,nevykonne
6166,nevykonne
6167,nevykonne
6168,nevykonne
6171,nevykonne
6172,nevykonne
6173,nevykonne
6175,nevykonne
6177,nevykonne
6179,nevykonne
6180,nevykonne
6181,nevykonne
6182,nevykonne
6183,nevykonne
6188,nevykonne
6189,nevykonne
6190,nevykonne
6191,nevykonne
6192,nevykonne
6193,nevykonne
6194,nevykonne
6195,nevykonne
6196,nevykonne
6199,nevykonne
6201,nevykonne
6202,nevykonne
6204,nevykonne
6205,nevykonne
6206,nevykonne
6207,nevykonne
6209,nevykonne
6210,nevykonne
6212,nevykonne
6213,nevykonne
6214,nevykonne
6215,nevykonne
6217,nevykonne
6218,nevykonne
6220,nevykonne
6222,nevykonne
6224,nevykonne
6225,nevykonne
6226,nevykonne
6227,nevykonne
6228,nevykonne
6229,nevykonne
6230,nevykonne
6231,nevykonne
6233,nevykonne
6234,nevykonne
6235,nevykonne
6236,nevykonne
6237,nevykonne
6238,nevykonne
6239,nevykonne
6240,nevykonne
6244,nevykonne
6246,nevykonne
6247,nevykonne
6248,nevykonne
6250,nevykonne
6251,nevykonne
6252,nevykonne
6253,nevykonne
6254,nevykonne
6255,nevykonne
6262,nevykonne
6263,nevykonne
6264,nevykonne
6265,nevykonne
6266,nevykonne
6267,nevykonne
6268,nevykonne
6269,nevykonne
6270,nevykonne
6271,nevykonne
6273,nevykonne
6274,nevykonne
6275,nevykonne
6276,nevykonne
6279,nevykonne
6280,nevykonne
6281,nevykonne
6283,nevykonne
6284,nevykonne
6285,nevykonne
6287,nevykonne
6288,nevykonne
6290,nevykonne
6291,nevykonne
6292,nevykonne
6293,nevykonne
6294,nevykonne
6295,nevykonne
6296,nevykonne
6297,nevykonne
6298,nevykonne
6300,nevykonne
6301,nevykonne
6303,nevykonne
6305,nevykonne
6308,nevykonne
6309,nevykonne
6311,nevykonne
6312,nevykonne
6315,nevykonne
6316,nevykonne
6317,nevykonne
6320,nevykonne
6322,nevykonne
6323,nevykonne
6324,nevykonne
6325,nevykonne
6328,nevykonne
6329,nevykonne
6331,nevykonne
6332,nevykonne
6333,nevykonne
6336,nevykonne
6338,nevykonne
6339,nevykonne
6340,nevykonne
6341,nevykonne
6343,nevykonne
6345,nevykonne
6347,nevykonne
6349,nevykonne
6352,nevykonne
6354,nevykonne
6355,nevykonne
6356,nevykonne
6357,nevykonne
6358,nevykonne
6359,nevykonne
6360,nevykonne
6361,nevykonne
6362,nevykonne
6363,nevykonne
6364,nevykonne
6365,nevykonne
6368,nevykonne
6369,nevykonne
6372,nevykonne
6374,nevykonne
6376,nevykonne
6380,nevykonne
6384,nevykonne
6385,nevykonne
6386,nevykonne
6387,nevykonne
6389,nevykonne
6390,nevykonne
6391,nevykonne
6392,nevykonne
6393,nevykonne
6394,nevykonne
6395,nevykonne
6396,nevykonne
6397,nevykonne
6399,nevykonne
6400,nevykonne
6401,nevykonne
6402,nevykonne
6403,nevykonne
6404,nevykonne
6405,nevykonne
6406,nevykonne
6407,nevykonne
6409,nevykonne
6413,nevykonne
6414,nevykonne
6415,nevykonne
6420,nevykonne
6423,nevykonne
6424,nevykonne
6425,nevykonne
6426,nevykonne
6427,nevykonne
6428,nevykonne
6429,nevykonne
6430,nevykonne
6431,nevykonne
6432,nevykonne
6433,nevykonne
6434,nevykonne
6436,nevykonne
6437,nevykonne
6438,nevykonne
6439,nevykonne
6440,nevykonne
6441,nevykonne
6449,nevykonne
6450,nevykonne
6453,nevykonne
6455,nevykonne
6457,nevykonne
6458,nevykonne
6459,nevykonne
6461,nevykonne
6463,nevykonne
6464,nevykonne
6465,nevykonne
6466,nevykonne
6468,nevykonne
6469,nevykonne
6470,nevykonne
6471,nevykonne
6472,nevykonne
6474,nevykonne
6475,nevykonne
6476,nevykonne
6477,nevykonne
6478,nevykonne
6479,nevykonne
6480,nevykonne
6481,nevykonne
6482,nevykonne
6483,nevykonne
6484,nevykonne
6485,nevykonne
6486,nevykonne
6487,nevykonne
6488,nevykonne
6490,nevykonne
6491,nevykonne
6494,nevykonne
6495,nevykonne
6497,nevykonne
6498,nevykonne
6502,nevykonne
6508,nevykonne
6509,nevykonne
6510,nevykonne
6513,nevykonne
6514,nevykonne
6515,nevykonne
6517,nevykonne
6519,nevykonne
6520,nevykonne
6522,nevykonne
6523,nevykonne
6524,nevykonne
6525,nevykonne
6528,nevykonne
6529,nevykonne
6530,nevykonne
6531,nevykonne
6533,nevykonne
6534,nevykonne
6535,nevykonne
6540,nevykonne
6541,nevykonne
6546,nevykonne
6549,nevykonne
6553,nevykonne
6554,nevykonne
6555,nevykonne
6557,nevykonne
6558,nevykonne
6559,nevykonne
6560,nevykonne
6561,nevykonne
6562,nevykonne
6563,nevykonne
6564,nevykonne
6565,nevykonne
6566,nevykonne
6567,nevykonne
6568,nevykonne
6569,nevykonne
6571,nevykonne
6572,nevykonne
6573,nevykonne
6575,nevykonne
6576,nevykonne
6577,nevykonne
6578,nevykonne
6579,nevykonne
6580,nevykonne
6581,nevykonne
6585,nevykonne
6587,nevykonne
6588,nevykonne
6589,nevykonne
6590,nevykonne
6591,nevykonne
6592,nevykonne
6593,nevykonne
6594,nevykonne
6595,nevykonne
6596,nevykonne
6597,nevykonne
6598,nevykonne
6599,nevykonne
6600,nevykonne
6601,nevykonne
6602,nevykonne
6603,nevykonne
6606,nevykonne
6607,nevykonne
6611,nevykonne
6612,nevykonne
6613,nevykonne
6614,nevykonne
6615,nevykonne
6617,nevykonne
6618,nevykonne
6619,nevykonne
6620,nevykonne
6621,nevykonne
6623,nevykonne
6624,nevykonne
6625,nevykonne
6626,nevykonne
6627,nevykonne
6628,nevykonne
6629,nevykonne
6630,nevykonne
6631,nevykonne
6632,nevykonne
6633,nevykonne
6635,nevykonne
6636,nevykonne
6637,nevykonne
6640,nevykonne
6641,nevykonne
6643,nevykonne
6644,nevykonne
6646,nevykonne
6647,nevykonne
6649,nevykonne
6650,nevykonne
6652,nevykonne
6653,nevykonne
6654,nevykonne
6655,nevykonne
6656,nevykonne
6657,nevykonne
6658,nevykonne
6660,nevykonne
6661,nevykonne
6662,nevykonne
6664,nevykonne
6665,nevykonne
6666,nevykonne
6667,nevykonne
6669,nevykonne
6670,nevykonne
6671,nevykonne
6672,nevykonne
6673,nevykonne
6674,nevykonne
6675,nevykonne
6676,nevykonne
6677,nevykonne
6679,nevykonne
6680,nevykonne
6681,nevykonne
6682,nevykonne
6683,nevykonne
6685,nevykonne
6686,nevykonne
6687,nevykonne
889,nevykonne
